,xtr_0,xtr_1,ytr_0,x_epi_0,x_epi_1,y_epi_0,loss,mean_model,ale_model,epi_model,mean_true,ale_true,x_0,x_1
0,-2.5878021525138877e-07,2.593255409253691e-07,-1.1597169977543302,0.05111495622772777,0.00873361525867511,1.0,21.967466354370117,-1.2990679,0.6293215,0.9211585,-1.200167251941577,0.16976745015972702,0.0,0.0
1,-2.2252044641151003e-06,2.0626778832335063e-06,-1.2774374330794243,-0.012763779122542188,0.08254853375225994,1.0,0.010313211340535753,-1.2990642,0.62932074,0.92115766,-1.2063820552636306,0.1786037521934215,-2.5878021525138877e-07,2.593255409253691e-07
2,-4.469915409017132e-06,3.373207313280003e-06,-1.4246167960845164,0.13842532716807504,-0.01824432877316582,1.0,5.0973896980285645,-1.2990383,0.6293147,0.9211517,-1.2045047072203314,0.17644511636964752,-2.2252044641151003e-06,2.0626778832335063e-06
3,-4.512519403181006e-06,2.306607671122562e-06,-1.4825938725842673,0.005172921911040573,0.1482186135405551,1.0,0.00930861063173867,-1.299019,0.6293083,0.9211466,-1.1990765409900423,0.16957661270127056,-4.469915409017132e-06,3.373207313280003e-06
4,,,,0.11674781261001087,0.10003126410296333,1.0,2.4519641399383545,-1.2990336,0.6293087,0.9211488,-1.208443160476413,0.17343608159320742,-4.512519403181006e-06,2.306607671122562e-06
5,,,,-0.04158535947310296,-0.044596583513182325,1.0,0.01570866634610793,,,,,,,
6,,,,0.04744204760977182,-0.04356078254762259,1.0,1.9524108171463013,,,,,,,
7,,,,-0.029694910426075305,0.0626588078681243,1.0,0.016596010560515462,,,,,,,
8,,,,0.035560682098189675,0.10817365734391264,1.0,1.3907092809677124,,,,,,,
9,,,,0.004797928919382931,0.004489924211795546,1.0,0.018184104740763814,,,,,,,
10,,,,0.031164297770924207,0.0846461643744885,1.0,1.1792165040969849,,,,,,,
11,,,,0.1462996122603708,0.02949661946098041,1.0,0.015025842423919415,,,,,,,
12,,,,0.098914853657333,0.12134499206715658,1.0,0.9290308356285095,,,,,,,
13,,,,0.08500123597837163,0.10589723241682276,1.0,0.018604809160444484,,,,,,,
14,,,,0.11238457377384815,0.06938505182171971,1.0,0.6998407244682312,,,,,,,
15,,,,0.037799019396346334,-0.016249947005411804,1.0,0.019359890973639295,,,,,,,
16,,,,0.10627851166435566,-0.011181633134841752,1.0,,,,,,,,
17,,,,0.1497441533585831,0.05852074542446717,1.0,,,,,,,,
18,,,,-0.04812670294448578,0.03375977943744275,1.0,,,,,,,,
19,,,,-0.001789615920659668,-0.03937244551441235,1.0,,,,,,,,
20,,,,0.09322668141576564,0.013298306745660682,1.0,,,,,,,,
21,,,,0.11421382259749484,0.10288414988725732,1.0,,,,,,,,
22,,,,-0.03686569780714033,0.09254461496436552,1.0,,,,,,,,
23,,,,-0.011006213303918953,0.10531146128032638,1.0,,,,,,,,
24,,,,8.597968383323995e-05,0.03074914505458866,1.0,,,,,,,,
25,,,,0.12665905677997236,0.08139557358171863,1.0,,,,,,,,
26,,,,-0.033699803859353894,-0.023098808253250926,1.0,,,,,,,,
27,,,,-0.0484636081820258,0.1464381171268409,1.0,,,,,,,,
28,,,,-0.04046518454096633,-0.02892437266049033,1.0,,,,,,,,
29,,,,0.04149308528637441,-0.03911989815522757,1.0,,,,,,,,
30,,,,0.00781719895346615,0.08559480773633248,1.0,,,,,,,,
31,,,,-0.0402741870301822,0.0415944268158797,1.0,,,,,,,,
32,,,,0.06455161161238647,-0.010146662934898118,1.0,,,,,,,,
33,,,,-0.012766291583363065,-0.029462469805569172,1.0,,,,,,,,
34,,,,-0.036239948309680185,-0.01620302047874716,1.0,,,,,,,,
35,,,,-0.03783669270666737,0.06033572369012448,1.0,,,,,,,,
36,,,,0.11158108383398462,0.11086831924145336,1.0,,,,,,,,
37,,,,0.07623634574510864,0.058349189773062915,1.0,,,,,,,,
38,,,,0.04342704409069964,0.1420274189472202,1.0,,,,,,,,
39,,,,0.007979127228062086,0.023286814349124316,1.0,,,,,,,,
40,,,,0.0650682864035856,0.0525160970372226,1.0,,,,,,,,
41,,,,0.08484746029979683,0.10493449838182219,1.0,,,,,,,,
42,,,,-0.013511942692560841,0.07577942992734261,1.0,,,,,,,,
43,,,,0.08880493178889116,0.0044616043262373645,1.0,,,,,,,,
44,,,,0.1356155990905788,0.019050070856923423,1.0,,,,,,,,
45,,,,0.07761610655162753,0.1351592855739005,1.0,,,,,,,,
46,,,,0.14612615267325635,-0.00025435990885647186,1.0,,,,,,,,
47,,,,0.1383905011446876,0.13181570666824366,1.0,,,,,,,,
48,,,,0.00019528386296625844,-0.029789501618469716,1.0,,,,,,,,
49,,,,0.022471439760146206,0.1347255151493087,1.0,,,,,,,,
50,,,,0.11905385228500927,0.0016239985430795967,1.0,,,,,,,,
51,,,,0.005123779270875969,0.009655544232295907,1.0,,,,,,,,
52,,,,-0.03371652499986573,-0.016333156683435934,1.0,,,,,,,,
53,,,,0.07288744212308292,0.04847933071545517,1.0,,,,,,,,
54,,,,0.03238120279141758,0.053140838301308876,1.0,,,,,,,,
55,,,,0.12747280003635042,0.14101975636126696,1.0,,,,,,,,
56,,,,-2.5878021525138877e-07,2.593255409253691e-07,0.0,,,,,,,,
57,,,,-0.035969204973462524,0.0019399425328259015,1.0,,,,,,,,
58,,,,-0.015157419288345977,-0.044487508508956775,1.0,,,,,,,,
59,,,,-0.015106171244273672,0.1060911543214907,1.0,,,,,,,,
60,,,,0.1340528416023276,0.09431753017801146,1.0,,,,,,,,
61,,,,0.009683779923224355,0.0762912925547753,1.0,,,,,,,,
62,,,,0.10403697053758314,0.03850055009450011,1.0,,,,,,,,
63,,,,0.07388913745439411,0.06474969997141981,1.0,,,,,,,,
64,,,,0.13054840211266378,0.10047817721707893,1.0,,,,,,,,
65,,,,-2.2252044641151003e-06,2.0626778832335063e-06,0.0,,,,,,,,
66,,,,0.08872049349887413,-0.003397528060739431,1.0,,,,,,,,
67,,,,0.07438524191641256,0.0009873403101481326,1.0,,,,,,,,
68,,,,0.1340838553707258,0.010511262268364054,1.0,,,,,,,,
69,,,,0.11970859179996444,-0.004058252716177768,1.0,,,,,,,,
70,,,,0.064419487596484,-0.012219552757886373,1.0,,,,,,,,
71,,,,0.03400160391564626,0.025247945997974003,1.0,,,,,,,,
72,,,,-0.042192604940631574,-0.024409985366446143,1.0,,,,,,,,
73,,,,0.10075217462898202,0.03252230924433484,1.0,,,,,,,,
74,,,,0.11081728382147614,0.08397977613089731,1.0,,,,,,,,
75,,,,0.026564194876491046,0.04896636537958324,1.0,,,,,,,,
76,,,,0.1401110901131276,0.13958927251775338,1.0,,,,,,,,
77,,,,0.04699664014277627,0.09248679642351577,1.0,,,,,,,,
78,,,,0.09996601463070655,0.05211965695669539,1.0,,,,,,,,
79,,,,0.039402504046507913,0.10380428119438993,1.0,,,,,,,,
80,,,,0.033125430927168506,0.050017723414739604,1.0,,,,,,,,
81,,,,-0.03250409197763429,0.1308671592446637,1.0,,,,,,,,
82,,,,0.040945559345100344,0.06981103669539872,1.0,,,,,,,,
83,,,,-0.03588882835141203,0.055888062733902594,1.0,,,,,,,,
84,,,,-0.0057375921143907535,0.027037930128749804,1.0,,,,,,,,
85,,,,0.061999547007119626,0.11300662306456437,1.0,,,,,,,,
86,,,,0.002568403711094014,0.09556307956934866,1.0,,,,,,,,
87,,,,0.0484086228703178,0.01084897230864592,1.0,,,,,,,,
88,,,,0.008081575614376835,-0.0017795564234710723,1.0,,,,,,,,
89,,,,-0.0353673238909398,0.06622380419757566,1.0,,,,,,,,
90,,,,0.07498785923384335,-0.0029516202648639522,1.0,,,,,,,,
91,,,,0.06285891256787778,0.1245195865987037,1.0,,,,,,,,
92,,,,0.11153168371588111,0.031469764589999644,1.0,,,,,,,,
93,,,,0.049244899069667517,0.09127778590489309,1.0,,,,,,,,
94,,,,0.0655842928511073,0.10093781370907633,1.0,,,,,,,,
95,,,,0.1400316832721641,-0.014595320225566331,1.0,,,,,,,,
96,,,,0.10785170047985061,0.016993255077798544,1.0,,,,,,,,
97,,,,0.06275671704434856,-0.008622009814980756,1.0,,,,,,,,
98,,,,0.09819432674804875,0.14600056777121306,1.0,,,,,,,,
99,,,,0.11666615385589656,0.07410218727489126,1.0,,,,,,,,
100,,,,0.04842143873132272,0.05471526946366592,1.0,,,,,,,,
101,,,,0.13630675404274623,-0.018330570958530017,1.0,,,,,,,,
102,,,,0.06810181718566635,0.07760119057555122,1.0,,,,,,,,
103,,,,0.13158483057414183,0.0038795665804975746,1.0,,,,,,,,
104,,,,0.0921500302002596,0.020065086815949013,1.0,,,,,,,,
105,,,,0.02287714629407915,-0.03371894741404782,1.0,,,,,,,,
106,,,,0.01566086801948023,0.014885974103812843,1.0,,,,,,,,
107,,,,-0.04408386438234695,0.059913463181513166,1.0,,,,,,,,
108,,,,0.09134879250933366,0.04970016382008924,1.0,,,,,,,,
109,,,,0.055460891946736826,-0.028837090764287865,1.0,,,,,,,,
110,,,,0.08694885544129848,0.0442285394823482,1.0,,,,,,,,
111,,,,-0.004146069926279153,0.12114430204903202,1.0,,,,,,,,
112,,,,0.06303853219364323,0.1498325081686261,1.0,,,,,,,,
113,,,,-0.0345805908970392,0.05300033865405236,1.0,,,,,,,,
114,,,,0.010791112811888937,0.1223219743287799,1.0,,,,,,,,
115,,,,-0.017644997682319995,-0.049723143682461494,1.0,,,,,,,,
116,,,,0.03859736182997578,0.08543137371089517,1.0,,,,,,,,
117,,,,0.14358159927908087,0.07402235556846566,1.0,,,,,,,,
118,,,,-0.011929145956445099,0.02243443999613068,1.0,,,,,,,,
119,,,,0.10601134815108697,0.01594872451734808,1.0,,,,,,,,
120,,,,-0.01715158067324942,0.007014060651096332,1.0,,,,,,,,
121,,,,-0.04193190469340309,0.1010237189307898,1.0,,,,,,,,
122,,,,0.007057389077844409,0.1028992619318811,1.0,,,,,,,,
123,,,,0.11851405853489823,0.04100358759594276,1.0,,,,,,,,
124,,,,0.12167779021242132,0.14828613466020818,1.0,,,,,,,,
125,,,,0.13835031613063448,0.14585475140433363,1.0,,,,,,,,
126,,,,0.14013094143108668,0.14277732818734928,1.0,,,,,,,,
127,,,,0.08958708391908544,-0.018763237083872952,1.0,,,,,,,,
128,,,,0.07935179468251692,0.14814519407022264,1.0,,,,,,,,
129,,,,-0.0011420117718224515,0.08635271948478292,1.0,,,,,,,,
130,,,,-0.024147633557083294,0.14963672339877365,1.0,,,,,,,,
131,,,,0.033971544638384296,0.020136032584595023,1.0,,,,,,,,
132,,,,-0.008681860672331766,0.12003152008666,1.0,,,,,,,,
133,,,,0.07248082165259706,0.0650672069592146,1.0,,,,,,,,
134,,,,-0.00039047883365918995,-0.02329852220728801,1.0,,,,,,,,
135,,,,-0.03700669126786467,0.07145054302801578,1.0,,,,,,,,
136,,,,0.09591873431887703,0.03497994414260655,1.0,,,,,,,,
137,,,,-0.030200067096409523,-0.03214488839351273,1.0,,,,,,,,
138,,,,0.055903915476891775,0.01719416045340838,1.0,,,,,,,,
139,,,,0.08227932677890061,0.14077929249138305,1.0,,,,,,,,
140,,,,-0.040202142819033115,-0.025750049086068084,1.0,,,,,,,,
141,,,,0.07164634187287781,0.009238931829938422,1.0,,,,,,,,
142,,,,0.09374850031707994,0.04696287837776543,1.0,,,,,,,,
143,,,,0.1408323576375044,0.02175546561113477,1.0,,,,,,,,
144,,,,0.09502454254885233,0.06859316251647254,1.0,,,,,,,,
145,,,,0.09034540854231442,0.0072172887579500244,1.0,,,,,,,,
146,,,,0.06007289479746776,-0.04855864516513364,1.0,,,,,,,,
147,,,,0.14017776438826818,0.03764709051618967,1.0,,,,,,,,
148,,,,0.021229014148381603,-0.02961217118882884,1.0,,,,,,,,
149,,,,-0.0025239518787248255,0.009417297654328638,1.0,,,,,,,,
150,,,,0.045712637629758746,0.03300332842613721,1.0,,,,,,,,
151,,,,-0.0387631676046357,0.06778733367248367,1.0,,,,,,,,
152,,,,-0.036599044113766716,0.005766072041981561,1.0,,,,,,,,
153,,,,0.13626984700778594,0.09033072234532612,1.0,,,,,,,,
154,,,,0.0867388286748333,0.021245648891228666,1.0,,,,,,,,
155,,,,0.06918742295798506,0.11414208452010859,1.0,,,,,,,,
156,,,,0.10580250899488043,0.10018307976321926,1.0,,,,,,,,
157,,,,0.05630785817631974,0.09903816226561334,1.0,,,,,,,,
158,,,,-0.006456129725559333,0.053710449079687805,1.0,,,,,,,,
159,,,,0.11252933234948141,0.005388094286533661,1.0,,,,,,,,
160,,,,0.05073511009992453,0.0804775968582923,1.0,,,,,,,,
161,,,,-0.03375208466012654,-0.020894920842472065,1.0,,,,,,,,
162,,,,0.06869611107617339,0.03278521643233363,1.0,,,,,,,,
163,,,,-0.023770953220576586,0.1117543833658909,1.0,,,,,,,,
164,,,,0.0931276019152689,0.14516605843127695,1.0,,,,,,,,
165,,,,-0.0419932542420231,0.11061839185647675,1.0,,,,,,,,
166,,,,0.04831071901406901,-0.011044616501159107,1.0,,,,,,,,
167,,,,-0.021573336155857128,-0.010213510591582556,1.0,,,,,,,,
168,,,,-0.04852893887448265,-0.02579556297947294,1.0,,,,,,,,
169,,,,0.08810767491581294,0.00843940223557238,1.0,,,,,,,,
170,,,,0.04851376090637452,0.12618908500979603,1.0,,,,,,,,
171,,,,0.054759388311179866,0.09120280461259113,1.0,,,,,,,,
172,,,,-0.019789366444768898,0.03728809324880092,1.0,,,,,,,,
173,,,,0.12817263246514082,-0.018046077977683116,1.0,,,,,,,,
174,,,,-0.02626879342041788,0.1144414197572677,1.0,,,,,,,,
175,,,,-0.03838537198972463,-0.0035507885914940057,1.0,,,,,,,,
176,,,,0.0689911828792495,0.09229173975756434,1.0,,,,,,,,
177,,,,0.036591096189021594,0.04598415099318401,1.0,,,,,,,,
178,,,,-0.032614180176562965,0.07200749380907977,1.0,,,,,,,,
179,,,,0.006064040732575625,0.13378323172901913,1.0,,,,,,,,
180,,,,-0.0023563766107802323,0.10013083035771315,1.0,,,,,,,,
181,,,,0.09102899790625764,-0.025443608004885744,1.0,,,,,,,,
182,,,,-0.008254516540175241,-0.01056584673174421,1.0,,,,,,,,
183,,,,0.10686608117270381,0.06023024738366599,1.0,,,,,,,,
184,,,,0.051597045261933414,0.09851522908180506,1.0,,,,,,,,
185,,,,0.1254975915976811,-0.03599087452562488,1.0,,,,,,,,
186,,,,0.025264467017080613,0.018354895738737248,1.0,,,,,,,,
187,,,,0.11885599113268085,0.10377037209685629,1.0,,,,,,,,
188,,,,0.05649947586497288,-0.032090412344570135,1.0,,,,,,,,
189,,,,0.13502160609735037,0.06158866866940278,1.0,,,,,,,,
190,,,,-0.04521812344034029,0.07921261333725417,1.0,,,,,,,,
191,,,,0.00474184828110584,0.0407352938690978,1.0,,,,,,,,
192,,,,0.12912340694404484,-0.009191388438237455,1.0,,,,,,,,
193,,,,-0.027272330600049233,0.07363378681025978,1.0,,,,,,,,
194,,,,0.08509748286455292,0.14777020733973772,1.0,,,,,,,,
195,,,,0.014313784191548856,0.131445070815559,1.0,,,,,,,,
196,,,,0.06809421731994003,-0.034632661522427347,1.0,,,,,,,,
197,,,,0.1361176278723087,0.058492731466335976,1.0,,,,,,,,
198,,,,0.04477223372201959,0.05889521518197674,1.0,,,,,,,,
199,,,,0.055467782316090355,0.0822957076037691,1.0,,,,,,,,
200,,,,0.0788896930304107,-0.015413380019165056,1.0,,,,,,,,
201,,,,0.05150748498327887,-0.014362579727189531,1.0,,,,,,,,
202,,,,0.04313283534206745,-0.030878993819905665,1.0,,,,,,,,
203,,,,0.13178670638276885,0.11860303467805901,1.0,,,,,,,,
204,,,,-0.009067881551689784,-0.005598372627665361,1.0,,,,,,,,
205,,,,0.06296172337774915,-0.041744785511882966,1.0,,,,,,,,
206,,,,0.14583188989933937,0.018882534582996907,1.0,,,,,,,,
207,,,,0.009248732257573479,0.13558884154341283,1.0,,,,,,,,
208,,,,-0.0011084143951612946,0.031037115307203947,1.0,,,,,,,,
209,,,,-0.013239770215401417,-0.03279661803020921,1.0,,,,,,,,
210,,,,0.13265095543439204,0.0054620728859878995,1.0,,,,,,,,
211,,,,0.1056606732891177,-0.017568985647980775,1.0,,,,,,,,
212,,,,0.08315300172080627,0.004872199677483223,1.0,,,,,,,,
213,,,,0.09505087448649042,-0.03855314515597901,1.0,,,,,,,,
214,,,,0.08242377901015231,-0.038780649858722496,1.0,,,,,,,,
215,,,,0.08150424659002199,0.019942187888798577,1.0,,,,,,,,
216,,,,0.09716292576609288,0.03358170192959353,1.0,,,,,,,,
217,,,,0.06108730684356807,-0.012068329079160514,1.0,,,,,,,,
218,,,,0.005534913277485856,0.047218263898120075,1.0,,,,,,,,
219,,,,-0.04069391197550361,0.11978665503168755,1.0,,,,,,,,
220,,,,0.037722903696175356,-0.011940155457259793,1.0,,,,,,,,
221,,,,-0.020080785363153345,-0.0247524916760709,1.0,,,,,,,,
222,,,,0.04644217068682298,0.14888387738370562,1.0,,,,,,,,
223,,,,0.11712974986655987,0.12598657105679556,1.0,,,,,,,,
224,,,,0.052652506650988265,-0.04737897848072153,1.0,,,,,,,,
225,,,,0.10784856277728021,0.1328892158731439,1.0,,,,,,,,
226,,,,-0.037367561356558145,-0.015001658806878253,1.0,,,,,,,,
227,,,,0.05191107789269862,0.03617531573547579,1.0,,,,,,,,
228,,,,0.1417752651934936,0.1469221195112198,1.0,,,,,,,,
229,,,,-0.01913379494896177,0.02062094994992056,1.0,,,,,,,,
230,,,,0.06537131947692505,0.03444526123729881,1.0,,,,,,,,
231,,,,0.051579865068646855,0.125404060312801,1.0,,,,,,,,
232,,,,-0.037907227873547326,0.13307092650236813,1.0,,,,,,,,
233,,,,0.01251170507802532,0.09582744449802312,1.0,,,,,,,,
234,,,,0.005022081253555147,0.0959725055956872,1.0,,,,,,,,
235,,,,0.10687104092613377,0.06344109905342817,1.0,,,,,,,,
236,,,,-0.027806345161119263,-0.025060077809615125,1.0,,,,,,,,
237,,,,0.12114158139029234,0.13677678897734863,1.0,,,,,,,,
238,,,,0.07973085572260445,-0.013005190438211335,1.0,,,,,,,,
239,,,,0.09446506008632473,-0.005190710276049004,1.0,,,,,,,,
240,,,,0.10054909292167945,0.14972538056608686,1.0,,,,,,,,
241,,,,0.13426158792812343,0.05545338518303296,1.0,,,,,,,,
242,,,,0.07452898510527242,0.013083499048318181,1.0,,,,,,,,
243,,,,0.12610714721997424,0.12205798772518141,1.0,,,,,,,,
244,,,,-0.03788708835716577,0.05992824989772379,1.0,,,,,,,,
245,,,,0.02611309397810739,0.06136865138519598,1.0,,,,,,,,
246,,,,-0.013565451503821824,0.10843790198058349,1.0,,,,,,,,
247,,,,-0.026421247537625092,-0.0093937654950065,1.0,,,,,,,,
248,,,,-0.045210033574845966,-0.03830035837169639,1.0,,,,,,,,
249,,,,-0.02616442185076471,0.04027289601316429,1.0,,,,,,,,
250,,,,0.12913722336078576,-0.029246181792229778,1.0,,,,,,,,
251,,,,0.1494773407145939,0.13448369400325366,1.0,,,,,,,,
252,,,,-0.024805930082631922,0.06232154051042607,1.0,,,,,,,,
253,,,,0.06574429328397671,0.10629728645365434,1.0,,,,,,,,
254,,,,-0.030124545022676565,-0.032188154207647895,1.0,,,,,,,,
255,,,,0.13894215155495454,0.03509598801373641,1.0,,,,,,,,
256,,,,0.11383172759039493,0.10659808970385566,1.0,,,,,,,,
257,,,,0.1175800810396815,-0.022049660537401206,1.0,,,,,,,,
258,,,,-0.03165364468038115,0.03857037149164913,1.0,,,,,,,,
259,,,,0.11162065070043843,-0.021937381710283255,1.0,,,,,,,,
260,,,,-0.01405091059423609,-0.017880452834335016,1.0,,,,,,,,
261,,,,-0.003875917080358171,0.01560898075422372,1.0,,,,,,,,
262,,,,-0.03644405481870421,0.02730482942105597,1.0,,,,,,,,
263,,,,0.0060967756582744476,-0.019363129296439997,1.0,,,,,,,,
264,,,,0.012654810207623532,0.0498517421405508,1.0,,,,,,,,
265,,,,0.08418217214159436,0.008315265817180562,1.0,,,,,,,,
266,,,,0.047366077639581075,0.0888120531493699,1.0,,,,,,,,
267,,,,0.13846351605208612,-0.027337430708930868,1.0,,,,,,,,
268,,,,0.02541042721275759,0.12333452061337717,1.0,,,,,,,,
269,,,,0.10358582042568266,0.1151883175278234,1.0,,,,,,,,
270,,,,-0.04261920644864203,0.11081139658751103,1.0,,,,,,,,
271,,,,-0.03094730021355323,0.02054168299946746,1.0,,,,,,,,
272,,,,-0.0033950025920212804,0.14687593761518397,1.0,,,,,,,,
273,,,,0.046468430815119185,0.006065663306967853,1.0,,,,,,,,
274,,,,0.03415467619643385,-0.022198820057129677,1.0,,,,,,,,
275,,,,0.10624258237497457,0.11421089697787955,1.0,,,,,,,,
276,,,,-0.048806022107951846,0.021721904698661504,1.0,,,,,,,,
277,,,,0.13558642254048497,0.061717548761465846,1.0,,,,,,,,
278,,,,-0.015941142879963087,0.02953729989157476,1.0,,,,,,,,
279,,,,0.07614227675767639,0.10270046209267596,1.0,,,,,,,,
280,,,,0.14709601382823595,0.14553719238283785,1.0,,,,,,,,
281,,,,0.03882744085589465,0.13359601034070162,1.0,,,,,,,,
282,,,,0.09475204550847406,-0.019012179054171408,1.0,,,,,,,,
283,,,,0.0638637212456706,0.05591097355879192,1.0,,,,,,,,
284,,,,0.13790840738172216,0.0885246468222015,1.0,,,,,,,,
285,,,,0.057884519124816805,0.13374470933762922,1.0,,,,,,,,
286,,,,-0.033816722457918266,0.011884528324290787,1.0,,,,,,,,
287,,,,0.02327165907097499,-0.04765059619759746,1.0,,,,,,,,
288,,,,0.059031588431841406,0.027115000070975323,1.0,,,,,,,,
289,,,,0.043028818894362206,-0.039477163596081624,1.0,,,,,,,,
290,,,,0.14610982653952082,0.1250744807664247,1.0,,,,,,,,
291,,,,0.012523349624066316,-0.03364613574078992,1.0,,,,,,,,
292,,,,-0.028679833073554997,-0.02774434695373598,1.0,,,,,,,,
293,,,,0.012832729588445946,0.09934417061643445,1.0,,,,,,,,
294,,,,0.12356452183904455,0.04007609269556871,1.0,,,,,,,,
295,,,,0.09708014560636145,-0.010917662679553297,1.0,,,,,,,,
296,,,,-0.01121901187191314,0.023488673201825308,1.0,,,,,,,,
297,,,,0.019848269645130576,0.010415809704370303,1.0,,,,,,,,
298,,,,0.05995208947507824,-0.047460957702563734,1.0,,,,,,,,
299,,,,0.021846172163789007,0.08699850401481447,1.0,,,,,,,,
300,,,,-0.0084916852199141,-0.013832458711175555,1.0,,,,,,,,
301,,,,0.008823120571428221,-0.04887829930170955,1.0,,,,,,,,
302,,,,0.018956916491560477,0.11568090196911136,1.0,,,,,,,,
303,,,,-0.04554214865268254,-0.04393617121286913,1.0,,,,,,,,
304,,,,0.02487116414225163,-0.036927945541762756,1.0,,,,,,,,
305,,,,0.12060946286116776,0.022710300673556477,1.0,,,,,,,,
306,,,,0.09173742579820014,0.018501570814432683,1.0,,,,,,,,
307,,,,0.007082732486511388,-0.048901721469915053,1.0,,,,,,,,
308,,,,0.004006747716080096,0.06164140844385112,1.0,,,,,,,,
309,,,,0.02904220930130559,0.11903023984045379,1.0,,,,,,,,
310,,,,0.0007126276514409571,0.13403785150017405,1.0,,,,,,,,
311,,,,-0.021008359813149302,0.04678312862943068,1.0,,,,,,,,
312,,,,-0.009602802090009764,-0.027563614875534628,1.0,,,,,,,,
313,,,,-0.034212849572592546,-0.03040774163195863,1.0,,,,,,,,
314,,,,0.038684773101317224,0.048787300816267296,1.0,,,,,,,,
315,,,,0.00889017740237237,0.09206633646611422,1.0,,,,,,,,
316,,,,-0.045699926998909395,0.011918337544259375,1.0,,,,,,,,
317,,,,0.11855670004047404,0.059491669129602784,1.0,,,,,,,,
318,,,,-0.038966011354480856,0.052033159902607734,1.0,,,,,,,,
319,,,,0.008850909224884893,-0.016734535583445335,1.0,,,,,,,,
320,,,,0.08585672565501991,-0.010636616684438029,1.0,,,,,,,,
321,,,,0.02917852443967779,0.09555298586545631,1.0,,,,,,,,
322,,,,0.11198702693923186,0.07029696271052525,1.0,,,,,,,,
323,,,,-0.02383825101831745,-0.047821904169340824,1.0,,,,,,,,
324,,,,0.008514563080383272,0.04677691489319938,1.0,,,,,,,,
325,,,,-0.03486583108869892,-0.03330175573924536,1.0,,,,,,,,
326,,,,0.14589886724360296,0.07485419176595982,1.0,,,,,,,,
327,,,,0.11458166437594312,0.10620199096241174,1.0,,,,,,,,
328,,,,0.052047631762874344,0.0713924280244949,1.0,,,,,,,,
329,,,,0.006490250087594407,0.13719920756125342,1.0,,,,,,,,
330,,,,0.073373812306516,0.031369856948484445,1.0,,,,,,,,
331,,,,-0.03996433187096935,-0.029031008229270405,1.0,,,,,,,,
332,,,,0.03878786744048268,-0.04524746527324641,1.0,,,,,,,,
333,,,,0.007714194612666356,-0.007020907366044729,1.0,,,,,,,,
334,,,,-0.005697867650171641,-0.011463236145811864,1.0,,,,,,,,
335,,,,0.11783058180010701,0.04320881474559812,1.0,,,,,,,,
336,,,,0.05862782243305624,0.06616347383463506,1.0,,,,,,,,
337,,,,-0.03113078851949973,-0.037197802604626067,1.0,,,,,,,,
338,,,,0.14736203768455536,0.006766282466871235,1.0,,,,,,,,
339,,,,-0.02161972282504168,-0.04624418561204607,1.0,,,,,,,,
340,,,,0.12414154927203412,-0.015250933795530087,1.0,,,,,,,,
341,,,,-0.015692947489569245,0.024539177090884642,1.0,,,,,,,,
342,,,,-0.013498294925021019,0.03820191046450501,1.0,,,,,,,,
343,,,,0.06573514901208784,0.1172319084488838,1.0,,,,,,,,
344,,,,0.06765895977843076,0.13480640954572548,1.0,,,,,,,,
345,,,,0.046256797589322704,0.07436865345786403,1.0,,,,,,,,
346,,,,0.038341321030563605,0.1325020996636232,1.0,,,,,,,,
347,,,,0.09208156885340245,0.07055934194641847,1.0,,,,,,,,
348,,,,0.11867775593705919,0.13129920851271243,1.0,,,,,,,,
349,,,,0.06559712945514225,-0.008480907959782825,1.0,,,,,,,,
350,,,,0.01661798678238302,0.13400224934980415,1.0,,,,,,,,
351,,,,0.04823151956673802,0.11903023477502621,1.0,,,,,,,,
352,,,,0.04831522129081722,-0.040350263942464284,1.0,,,,,,,,
353,,,,0.06768453165632618,0.14597765912012634,1.0,,,,,,,,
354,,,,-0.019706910529463207,0.07538450515090346,1.0,,,,,,,,
355,,,,0.07888296436516525,-0.028754751661154043,1.0,,,,,,,,
356,,,,0.009795205139609096,0.027907454406816454,1.0,,,,,,,,
357,,,,0.14087251456007155,0.06535085600114025,1.0,,,,,,,,
358,,,,-0.03252831785574428,-0.028568053174902432,1.0,,,,,,,,
359,,,,0.14073654114094136,0.11106883845933689,1.0,,,,,,,,
360,,,,0.03566033501560817,0.08449830642849544,1.0,,,,,,,,
361,,,,-0.007614227444113018,0.054032912829322016,1.0,,,,,,,,
362,,,,0.1451082022142925,0.1160849110959896,1.0,,,,,,,,
363,,,,-0.006804143040656997,0.0396847034093617,1.0,,,,,,,,
364,,,,0.06453629768948257,0.06416028236489739,1.0,,,,,,,,
365,,,,0.1361051208500697,0.0010192154899835576,1.0,,,,,,,,
366,,,,0.08126789635191282,0.10624943038291797,1.0,,,,,,,,
367,,,,-0.02680565006280442,0.055277838313086664,1.0,,,,,,,,
368,,,,0.03246872218793684,0.05045848465311441,1.0,,,,,,,,
369,,,,-0.03693698872913403,0.00390722311110199,1.0,,,,,,,,
370,,,,4.0793256554649826e-07,0.08373553209835137,1.0,,,,,,,,
371,,,,-0.03998515243027843,0.14462692274190186,1.0,,,,,,,,
372,,,,0.025137488816633233,0.12437397712996738,1.0,,,,,,,,
373,,,,0.08885846598874127,-0.04408418792815652,1.0,,,,,,,,
374,,,,-0.03254586938078788,-0.031007352514614485,1.0,,,,,,,,
375,,,,0.06284527917704966,0.0632084720681219,1.0,,,,,,,,
376,,,,0.012121607056191384,-0.02736127531886139,1.0,,,,,,,,
377,,,,0.10372113826292421,-0.02236022414311787,1.0,,,,,,,,
378,,,,0.06700637718903271,0.05173550196824091,1.0,,,,,,,,
379,,,,0.052024592292853236,0.0218674728800808,1.0,,,,,,,,
380,,,,-0.038904232891572944,0.01723887282834065,1.0,,,,,,,,
381,,,,0.13997038051245064,0.13966654761897712,1.0,,,,,,,,
382,,,,0.035863813117946064,0.09840973108479857,1.0,,,,,,,,
383,,,,0.0615230761219155,0.13280072934543863,1.0,,,,,,,,
384,,,,0.09728208162763473,0.02878618392909374,1.0,,,,,,,,
385,,,,-0.037892922604518625,0.1121225782521028,1.0,,,,,,,,
386,,,,0.013284156463738261,0.04884101957029929,1.0,,,,,,,,
387,,,,0.05830586430033849,0.05350575937132285,1.0,,,,,,,,
388,,,,-0.0207615616185044,0.021868996035423055,1.0,,,,,,,,
389,,,,0.022261842114041447,-0.006840976459659379,1.0,,,,,,,,
390,,,,-0.042630143690048694,0.13483556870203178,1.0,,,,,,,,
391,,,,0.020863552008066194,-0.010840271622346263,1.0,,,,,,,,
392,,,,0.12281833621132225,0.049610691081577035,1.0,,,,,,,,
393,,,,0.11398502107991822,0.10266394972539887,1.0,,,,,,,,
394,,,,-0.026655051153945754,0.053215731906221975,1.0,,,,,,,,
395,,,,0.016848140253366867,0.0871887054156353,1.0,,,,,,,,
396,,,,0.10744352398284275,0.006941936094378855,1.0,,,,,,,,
397,,,,0.03400124605704817,0.12647073791077018,1.0,,,,,,,,
398,,,,0.10280081989607816,0.00698045694518272,1.0,,,,,,,,
399,,,,0.09477646847227207,-0.04457194873127682,1.0,,,,,,,,
400,,,,0.06265902695435588,-0.04178453971197809,1.0,,,,,,,,
401,,,,-0.024783758392272138,0.11411971466868594,1.0,,,,,,,,
402,,,,0.08632150958392805,0.03776630050787713,1.0,,,,,,,,
403,,,,0.029141936686941913,0.1251591131856769,1.0,,,,,,,,
404,,,,-0.0022465539228980966,0.028796749840387922,1.0,,,,,,,,
405,,,,-0.021304353502222997,0.08448531002599914,1.0,,,,,,,,
406,,,,-0.014878113399175087,0.14995075946473435,1.0,,,,,,,,
407,,,,0.14288645604164596,-0.03644927751313572,1.0,,,,,,,,
408,,,,-0.035830199054841666,-0.0005818769612160324,1.0,,,,,,,,
409,,,,0.012250209357839936,0.1095874889384336,1.0,,,,,,,,
410,,,,0.10057279267672574,-0.014219022499945826,1.0,,,,,,,,
411,,,,0.09810429615439602,0.025366318248800937,1.0,,,,,,,,
412,,,,0.013068115872076375,-0.009978048378147086,1.0,,,,,,,,
413,,,,0.06136983574258735,0.05159148557731373,1.0,,,,,,,,
414,,,,0.1309036296832355,-0.017110375424036664,1.0,,,,,,,,
415,,,,-0.04478345120289127,-0.022158910318259607,1.0,,,,,,,,
416,,,,-0.0427290133028601,0.06373464479986664,1.0,,,,,,,,
417,,,,0.10431569236136705,0.14743528814982504,1.0,,,,,,,,
418,,,,0.11944934300369482,-0.016084742975802382,1.0,,,,,,,,
419,,,,0.14559181690909773,0.0657014509466789,1.0,,,,,,,,
420,,,,0.11204781549471245,-0.047716151336980775,1.0,,,,,,,,
421,,,,-0.010408654003271935,0.13500779755841036,1.0,,,,,,,,
422,,,,-0.0014879083071532642,0.05791388218825655,1.0,,,,,,,,
423,,,,0.09520692617635236,-0.029817788930585978,1.0,,,,,,,,
424,,,,0.06454627946319451,-0.007465978208113275,1.0,,,,,,,,
425,,,,0.021629257533448687,0.038764230239250574,1.0,,,,,,,,
426,,,,0.09987107973811217,0.13279281870713072,1.0,,,,,,,,
427,,,,0.1439091210626296,0.02632606605596728,1.0,,,,,,,,
428,,,,-4.469915409017132e-06,3.373207313280003e-06,0.0,,,,,,,,
429,,,,0.1029128972571111,0.11851541506383816,1.0,,,,,,,,
430,,,,-0.017051034319875272,-0.044011820236830305,1.0,,,,,,,,
431,,,,0.11947609757544504,-0.01805880652724106,1.0,,,,,,,,
432,,,,0.1390483892842989,0.14350237372379043,1.0,,,,,,,,
433,,,,0.06563729544440192,0.04720701714232982,1.0,,,,,,,,
434,,,,0.020785684206313215,0.08187981044029381,1.0,,,,,,,,
435,,,,0.02687198832751425,0.03697915242141074,1.0,,,,,,,,
436,,,,0.0726598895546726,-0.043073025197670936,1.0,,,,,,,,
437,,,,-0.006239121480160835,-0.04596161189156361,1.0,,,,,,,,
438,,,,0.1026266947724865,0.02797352769448684,1.0,,,,,,,,
439,,,,0.034533938574849876,0.0599366946347029,1.0,,,,,,,,
440,,,,0.027691876542247737,0.11212659968937201,1.0,,,,,,,,
441,,,,0.037180911427381,0.06603130146794418,1.0,,,,,,,,
442,,,,0.14423424855999245,0.14841989767017805,1.0,,,,,,,,
443,,,,-0.009425324902798723,0.03890403722989391,1.0,,,,,,,,
444,,,,0.04494976547889418,0.009527713730070997,1.0,,,,,,,,
445,,,,0.006700916150447392,0.11792423956468522,1.0,,,,,,,,
446,,,,0.1424188109877158,-0.00786210593981105,1.0,,,,,,,,
447,,,,0.12834675418663938,0.028395239949937784,1.0,,,,,,,,
448,,,,0.08028515118657338,0.006772048488253635,1.0,,,,,,,,
449,,,,0.13821633299953145,0.10736344296986915,1.0,,,,,,,,
450,,,,-0.011445356112879335,0.07300780427173381,1.0,,,,,,,,
451,,,,0.14375923508073024,0.006917071662139507,1.0,,,,,,,,
452,,,,0.02230654776454255,-0.009277555957748575,1.0,,,,,,,,
453,,,,0.07775360421803713,0.12856394874631688,1.0,,,,,,,,
454,,,,0.018339317913005554,-0.025120243699237512,1.0,,,,,,,,
455,,,,0.01953538863072679,0.07534447857569278,1.0,,,,,,,,
456,,,,0.09696767479420114,0.07130604708287669,1.0,,,,,,,,
457,,,,-0.03475868448829911,0.13796422126660468,1.0,,,,,,,,
458,,,,-0.01212170448121934,0.06481712828793994,1.0,,,,,,,,
459,,,,0.13136685765349188,0.14467716853949725,1.0,,,,,,,,
460,,,,0.1215542300092975,-0.02418177737670071,1.0,,,,,,,,
461,,,,0.131403615949915,0.015502634146369515,1.0,,,,,,,,
462,,,,0.06647716831751348,-0.021908176675997693,1.0,,,,,,,,
463,,,,0.052544893385282995,0.04346593107832171,1.0,,,,,,,,
464,,,,-0.04893740112084475,0.007241686928857648,1.0,,,,,,,,
465,,,,-0.02131024880505943,0.020704846547016875,1.0,,,,,,,,
466,,,,0.0043342013956644485,0.04422523121908149,1.0,,,,,,,,
467,,,,0.10431043333175676,-0.04587270057039561,1.0,,,,,,,,
468,,,,-0.004483955198711517,0.14670613863506937,1.0,,,,,,,,
469,,,,-0.038078190859433474,0.06910120889887819,1.0,,,,,,,,
470,,,,0.14965634227049046,0.07015743926920628,1.0,,,,,,,,
471,,,,-0.0394732965681891,-0.025065202823436206,1.0,,,,,,,,
472,,,,0.12902928570706462,0.12368343347503595,1.0,,,,,,,,
473,,,,0.0597557599611928,0.0025160453593269932,1.0,,,,,,,,
474,,,,0.05206954417592358,0.0007547603682940274,1.0,,,,,,,,
475,,,,0.08802688694754605,0.07082480844153315,1.0,,,,,,,,
476,,,,0.1075963012047197,0.04752768770472511,1.0,,,,,,,,
477,,,,-0.04232788583598279,0.10800427423953694,1.0,,,,,,,,
478,,,,-0.008124983352077543,-0.004672337584043264,1.0,,,,,,,,
479,,,,0.058327588094003985,0.11451898744434867,1.0,,,,,,,,
480,,,,0.13981874472789524,-0.0018453808380193698,1.0,,,,,,,,
481,,,,0.1292394347677192,0.13220628072104784,1.0,,,,,,,,
482,,,,0.09888411167312382,0.024852326322409413,1.0,,,,,,,,
483,,,,0.05957080768717096,-0.02247334756391488,1.0,,,,,,,,
484,,,,0.06505467392390255,0.06512271993453667,1.0,,,,,,,,
485,,,,0.06669461904075327,0.1340460872704175,1.0,,,,,,,,
486,,,,0.056620170533540626,-0.0018211742633864395,1.0,,,,,,,,
487,,,,0.05904695333462261,-0.02452513812072581,1.0,,,,,,,,
488,,,,-0.03504385460309847,0.1161220890761152,1.0,,,,,,,,
489,,,,0.0946310676338153,-0.033217660218759604,1.0,,,,,,,,
490,,,,0.061516430314598636,0.05502110961011812,1.0,,,,,,,,
491,,,,0.05146234585527698,-0.04351905474686868,1.0,,,,,,,,
492,,,,0.14207411577141982,0.1355299783091743,1.0,,,,,,,,
493,,,,0.1428829149529856,0.05667641403611699,1.0,,,,,,,,
494,,,,-0.024672021057497884,0.09645782012996669,1.0,,,,,,,,
495,,,,0.1399465639797517,0.0018532110680482133,1.0,,,,,,,,
496,,,,0.0067537195457390425,0.039411294891670307,1.0,,,,,,,,
497,,,,-0.018276316681931706,0.06371627854759253,1.0,,,,,,,,
498,,,,0.03990654136784576,0.1274846395691735,1.0,,,,,,,,
499,,,,-0.007033702388330475,-0.016410006174265156,1.0,,,,,,,,
500,,,,0.04912677617024419,0.05332510275274874,1.0,,,,,,,,
501,,,,0.031239220742689436,-0.0026407166093269235,1.0,,,,,,,,
502,,,,0.05727273149684302,0.1424281657224042,1.0,,,,,,,,
503,,,,0.0012871276275030694,0.006637960001278323,1.0,,,,,,,,
504,,,,-0.04370702303860439,0.1252210668806471,1.0,,,,,,,,
505,,,,0.004876925632620453,-0.038047516761167494,1.0,,,,,,,,
506,,,,0.1004104888732562,0.13583781983893134,1.0,,,,,,,,
507,,,,0.03478619346623246,0.015021224387835194,1.0,,,,,,,,
508,,,,0.08776487979203328,-0.008588108753118238,1.0,,,,,,,,
509,,,,0.06030362234472371,0.04890694936031892,1.0,,,,,,,,
510,,,,0.0674718765832057,0.11704809289304278,1.0,,,,,,,,
511,,,,0.08682565922600806,0.12647745315151632,1.0,,,,,,,,
512,,,,-4.512519403181006e-06,2.306607671122562e-06,0.0,,,,,,,,
513,,,,-0.012377607175293369,-0.04832899847143366,1.0,,,,,,,,
514,,,,0.08149122984270112,0.024363406684413808,1.0,,,,,,,,
515,,,,-0.01677480839387204,0.0018357247613715252,1.0,,,,,,,,
516,,,,-0.013499500706848709,-0.01438551477067953,1.0,,,,,,,,
517,,,,-0.004446358063454239,-0.03071789200525641,1.0,,,,,,,,
518,,,,0.05882101640877964,0.11723917963161602,1.0,,,,,,,,
519,,,,0.01932802494129908,0.13251998332544157,1.0,,,,,,,,
520,,,,0.08678386240437212,0.11520742691278153,1.0,,,,,,,,
521,,,,0.13497085358070532,0.09378911033580907,1.0,,,,,,,,
522,,,,0.10408562785291746,-0.035196488114825654,1.0,,,,,,,,
523,,,,-0.012262924275502504,0.012810318310031543,1.0,,,,,,,,
524,,,,0.016878052851017483,0.04306098935757026,1.0,,,,,,,,
525,,,,-0.03094825121399172,0.018845497215907253,1.0,,,,,,,,
526,,,,-0.03536840969526072,0.014682824473198616,1.0,,,,,,,,
527,,,,0.08230013738939036,-0.04941577678301723,1.0,,,,,,,,
528,,,,0.00687271018361664,-0.03543071001975143,1.0,,,,,,,,
529,,,,0.09215240598978626,0.11825358815552035,1.0,,,,,,,,
530,,,,0.14566610835469557,0.07343353683544855,1.0,,,,,,,,
531,,,,-0.005020015329031027,-0.004337779570533516,1.0,,,,,,,,
532,,,,0.04870535215147247,0.13626930596787,1.0,,,,,,,,
533,,,,0.07561121163485666,-0.013719988294019748,1.0,,,,,,,,
534,,,,0.05320186330588299,0.03182453675818518,1.0,,,,,,,,
535,,,,0.12381368880651673,-0.029116879993019196,1.0,,,,,,,,
536,,,,-0.0064745106397423174,0.10186569865731417,1.0,,,,,,,,
537,,,,0.1446492326404733,0.11176617618372224,1.0,,,,,,,,
538,,,,0.06408655151971106,0.1119212037734663,1.0,,,,,,,,
539,,,,0.025727653297357364,-0.0020383984823435924,1.0,,,,,,,,
540,,,,0.038467210783979064,0.008609116607765532,1.0,,,,,,,,
541,,,,0.07887182851849113,0.13322482656252982,1.0,,,,,,,,
542,,,,0.0842793302862881,0.10674619497992095,1.0,,,,,,,,
543,,,,0.1339804681454269,0.09639570422241141,1.0,,,,,,,,
544,,,,0.04126667446720307,0.09843912245457608,1.0,,,,,,,,
545,,,,0.14811776882575028,0.08477100348952411,1.0,,,,,,,,
546,,,,0.0954271335156517,-0.022933594837318272,1.0,,,,,,,,
547,,,,0.11346891056865226,0.13583568138831487,1.0,,,,,,,,
548,,,,-0.03341189273208438,0.13444268646231977,1.0,,,,,,,,
549,,,,0.10200253329579038,0.0005348364877984374,1.0,,,,,,,,
550,,,,-0.04304407096211236,0.06866600329118965,1.0,,,,,,,,
551,,,,-0.022000732904260745,0.12612772983848114,1.0,,,,,,,,
552,,,,0.07869608853746633,-0.04176213327908551,1.0,,,,,,,,
553,,,,-0.011117530258337324,0.07490263350422514,1.0,,,,,,,,
554,,,,0.05533047816378145,0.008051373230124101,1.0,,,,,,,,
555,,,,0.029023646995200658,-0.0006864611758339995,1.0,,,,,,,,
556,,,,0.14967783406830232,0.12665896916477815,1.0,,,,,,,,
557,,,,0.0981940231588277,-0.0006924043053359724,1.0,,,,,,,,
558,,,,-0.03222375831532569,-0.030773717794594948,1.0,,,,,,,,
559,,,,0.12629480724025505,-0.005217551733536753,1.0,,,,,,,,
560,,,,-0.03899285641800239,0.07174970663562481,1.0,,,,,,,,
561,,,,0.10080804566702199,0.13110726740242967,1.0,,,,,,,,
562,,,,0.04680543405533415,0.09370889625521554,1.0,,,,,,,,
563,,,,-0.04063156053592503,0.010908146757907633,1.0,,,,,,,,
564,,,,-0.0325694902215395,0.030067395202951902,1.0,,,,,,,,
565,,,,-0.01012877150804492,0.04970737208500775,1.0,,,,,,,,
566,,,,-0.001641745670608194,-0.011745443773772443,1.0,,,,,,,,
567,,,,0.07035712998014883,0.04612120067546535,1.0,,,,,,,,
568,,,,0.02630574283516822,0.03380247046587369,1.0,,,,,,,,
569,,,,0.1393914696868469,0.07225016246056333,1.0,,,,,,,,
570,,,,-0.00964040961738237,0.0033573628261656316,1.0,,,,,,,,
571,,,,0.009941319443594734,0.09229248670559355,1.0,,,,,,,,
572,,,,0.051903473611065495,-0.007476492552000821,1.0,,,,,,,,
573,,,,0.06611223920118672,0.12514400204788173,1.0,,,,,,,,
574,,,,-0.02473418276589101,0.1484907412438421,1.0,,,,,,,,
575,,,,0.0646622394343346,-0.03489695629818963,1.0,,,,,,,,
576,,,,0.13493975527181395,0.08226020201000654,1.0,,,,,,,,
577,,,,0.0016726835468731799,-0.047737643457825565,1.0,,,,,,,,
578,,,,0.11556603986249527,-0.010637913538768771,1.0,,,,,,,,
579,,,,0.13207818304009766,0.0024130652647674083,1.0,,,,,,,,
580,,,,0.011507406245979526,0.03580046402797936,1.0,,,,,,,,
581,,,,0.11990397499086382,0.02526182367650713,1.0,,,,,,,,
582,,,,0.0838165702215286,0.09623714955636355,1.0,,,,,,,,
583,,,,0.12893380611448968,0.1377052329810201,1.0,,,,,,,,
584,,,,0.12447023024450422,0.04050988901795592,1.0,,,,,,,,
585,,,,0.06016677436703653,0.06548439085928807,1.0,,,,,,,,
586,,,,0.047116145825025435,0.13281137345737531,1.0,,,,,,,,
587,,,,0.10726902974793444,-0.03133453052147368,1.0,,,,,,,,
588,,,,0.14818650213169382,-0.01174780881808786,1.0,,,,,,,,
589,,,,0.0038782280190382337,-0.019763062287106493,1.0,,,,,,,,
590,,,,0.002703576965900803,0.024552754040265357,1.0,,,,,,,,
591,,,,0.14477744158440925,-0.01661431964033005,1.0,,,,,,,,
592,,,,0.07203665824966192,0.03957705089086232,1.0,,,,,,,,
593,,,,0.06740543309337303,-0.039270120049366655,1.0,,,,,,,,
594,,,,0.011866035589883327,-0.03181773734021638,1.0,,,,,,,,
595,,,,0.04268969473778321,0.1283972900626465,1.0,,,,,,,,
596,,,,0.1142769702071144,0.12443090530577681,1.0,,,,,,,,
597,,,,0.0299193147147985,0.05186757059117349,1.0,,,,,,,,
598,,,,0.0014412268887280116,0.07139759593452746,1.0,,,,,,,,
599,,,,0.039262244401017096,0.049281281441026434,1.0,,,,,,,,
600,,,,0.058192612466649266,0.06609243718287959,1.0,,,,,,,,
601,,,,0.042932215915410105,0.1096974346429354,1.0,,,,,,,,
602,,,,0.03184679053916421,-0.041273584244742124,1.0,,,,,,,,
603,,,,0.11668236932003555,0.04695822569413477,1.0,,,,,,,,
604,,,,0.04569477119016799,-0.01463316983445491,1.0,,,,,,,,
605,,,,0.03860067761474084,-0.021305613612670006,1.0,,,,,,,,
606,,,,-0.04175244067209214,0.14263255397292568,1.0,,,,,,,,
607,,,,0.0023902622690897823,-0.02278024826675771,1.0,,,,,,,,
608,,,,0.08761128146001786,0.024786224725752024,1.0,,,,,,,,
609,,,,0.07461598785460988,0.09128920320955013,1.0,,,,,,,,
610,,,,0.08242187926240012,-0.0046172932860936156,1.0,,,,,,,,
611,,,,0.1066746048494401,-0.03580603334291548,1.0,,,,,,,,
612,,,,0.10762854304644377,-0.017530917375513468,1.0,,,,,,,,
613,,,,0.031001930856863022,-0.04876043298236839,1.0,,,,,,,,
614,,,,-0.017429551546782718,0.0855717773341881,1.0,,,,,,,,
615,,,,0.10002882794367797,0.13203837867955437,1.0,,,,,,,,
616,,,,0.0340451323068971,0.07206567995312432,1.0,,,,,,,,
617,,,,0.048408559321038144,-0.04491830134748616,1.0,,,,,,,,
618,,,,0.039654945703984604,0.0878899674662827,1.0,,,,,,,,
619,,,,0.08537458550189496,0.008687065230341816,1.0,,,,,,,,
620,,,,0.12549509030261902,0.10424474253955841,1.0,,,,,,,,
621,,,,0.12074430522882422,0.13743038054717183,1.0,,,,,,,,
622,,,,-0.0029992157287419136,0.09345697579094826,1.0,,,,,,,,
623,,,,-0.041209501860820355,0.01072492130071652,1.0,,,,,,,,
624,,,,0.04660969664308259,0.022884067438409608,1.0,,,,,,,,
625,,,,-0.010305351845399137,0.08973686564373741,1.0,,,,,,,,
626,,,,0.1350604230620696,-0.030028402696475734,1.0,,,,,,,,
627,,,,-0.003972472416962039,0.006969303730943156,1.0,,,,,,,,
628,,,,0.08359461131396047,0.027323396326225047,1.0,,,,,,,,
629,,,,0.10311952377385873,-0.030870731966461885,1.0,,,,,,,,
630,,,,0.042036087841329714,0.008523037216207105,1.0,,,,,,,,
631,,,,0.0526831279750241,-0.02285091427337578,1.0,,,,,,,,
632,,,,0.0391994701938112,0.053277590267014355,1.0,,,,,,,,
633,,,,0.018841256370407927,0.06093034679293703,1.0,,,,,,,,
634,,,,0.09285815495826312,0.08277598315828595,1.0,,,,,,,,
635,,,,0.02113432161002285,-0.03468421843896095,1.0,,,,,,,,
636,,,,0.11673440428488692,0.13524891281540902,1.0,,,,,,,,
637,,,,-0.0031673634310831478,-0.04969525226255689,1.0,,,,,,,,
638,,,,0.04592739585786103,0.07306834806106059,1.0,,,,,,,,
639,,,,0.08056927464936244,0.07071191763030059,1.0,,,,,,,,
640,,,,0.08573310797505006,0.09664903391635653,1.0,,,,,,,,
641,,,,0.11868216578658712,0.06502422355065861,1.0,,,,,,,,
642,,,,-0.04333494648642038,0.1365273065751098,1.0,,,,,,,,
643,,,,0.03344572216215684,0.04344168976255332,1.0,,,,,,,,
644,,,,0.07381278377667129,0.005291510018622915,1.0,,,,,,,,
645,,,,0.13188440704617826,0.08158068960989852,1.0,,,,,,,,
646,,,,-0.023301950061218404,0.024702598402439074,1.0,,,,,,,,
647,,,,-0.007351467954047883,0.03866510360229168,1.0,,,,,,,,
648,,,,-0.008745396333701617,-0.030417021114291388,1.0,,,,,,,,
649,,,,0.01409197516674024,-0.02310332159470743,1.0,,,,,,,,
650,,,,-0.042994998097616026,0.049678726500687165,1.0,,,,,,,,
651,,,,0.07092651719384034,-0.010705873824727874,1.0,,,,,,,,
652,,,,0.020105024166757274,0.04071286900201919,1.0,,,,,,,,
653,,,,0.000567622176322044,0.017605794332123725,1.0,,,,,,,,
654,,,,0.002169306958766201,0.08252324165392512,1.0,,,,,,,,
655,,,,0.027887067525722342,0.043157407396101216,1.0,,,,,,,,
656,,,,0.001795079170017401,0.06577887578822479,1.0,,,,,,,,
657,,,,0.03313077621157619,0.04143667785332264,1.0,,,,,,,,
658,,,,-0.008087245519495648,0.0523380785187251,1.0,,,,,,,,
659,,,,0.03420663546307352,0.05763265161148878,1.0,,,,,,,,
660,,,,0.053105597204862506,0.09246323491838147,1.0,,,,,,,,
661,,,,0.019086199049053038,-0.004151760144731599,1.0,,,,,,,,
662,,,,0.13378923728772912,0.028816710056754444,1.0,,,,,,,,
663,,,,0.11302905340272702,0.12609805300983318,1.0,,,,,,,,
664,,,,0.08037849941541482,0.10349510022058477,1.0,,,,,,,,
665,,,,0.1295066262665761,0.0496971896573184,1.0,,,,,,,,
666,,,,0.034351657624107815,0.09570845172409563,1.0,,,,,,,,
667,,,,0.0656887581007523,-0.035977501422785996,1.0,,,,,,,,
668,,,,0.11141206290936224,-0.009591088900383446,1.0,,,,,,,,
669,,,,-0.006998258457059703,0.12485798956319381,1.0,,,,,,,,
670,,,,0.1120465828359107,0.10743108872897124,1.0,,,,,,,,
671,,,,0.14569537982677855,0.13714919950153492,1.0,,,,,,,,
672,,,,-0.024136812857234215,0.0436501498936025,1.0,,,,,,,,
673,,,,0.010832976630681238,0.12809752946728803,1.0,,,,,,,,
674,,,,-0.022537405890595566,-0.04040550923904023,1.0,,,,,,,,
675,,,,0.14549209555912845,0.06297250857552572,1.0,,,,,,,,
676,,,,0.00697675683209871,0.016361030704582877,1.0,,,,,,,,
677,,,,-0.022323357460016416,0.14825331102581318,1.0,,,,,,,,
678,,,,0.12414286338595705,-0.0016705373856996664,1.0,,,,,,,,
679,,,,0.01648804680743128,-0.01691705807132054,1.0,,,,,,,,
680,,,,0.05260667806430108,0.14594370548510627,1.0,,,,,,,,
681,,,,0.0692553848167754,0.08289238576019693,1.0,,,,,,,,
682,,,,0.084234797350324,-0.011776357254820222,1.0,,,,,,,,
683,,,,-0.001823087452131153,0.05018226076012271,1.0,,,,,,,,
684,,,,0.04338920230194601,0.014818857936702165,1.0,,,,,,,,
685,,,,0.09400673322127338,0.00519346368034479,1.0,,,,,,,,
686,,,,0.12911698459834225,-0.025451548681754678,1.0,,,,,,,,
687,,,,0.1343265902013509,-0.029296652334871887,1.0,,,,,,,,
688,,,,-0.011403607633799683,0.04046902852592292,1.0,,,,,,,,
689,,,,0.1264697764263944,0.011506095130917202,1.0,,,,,,,,
690,,,,0.08148487754676993,0.01778670883244407,1.0,,,,,,,,
691,,,,-0.046772309333707844,0.07488575236791531,1.0,,,,,,,,
692,,,,-0.0023861585672445146,-0.011092777146638165,1.0,,,,,,,,
693,,,,0.11177055528996636,0.07347007020585719,1.0,,,,,,,,
694,,,,0.10908752448967253,0.0030689485085125118,1.0,,,,,,,,
695,,,,-0.040564560267187404,0.12069045789760556,1.0,,,,,,,,
696,,,,0.1028658882159618,-0.04909989142693503,1.0,,,,,,,,
697,,,,0.0899697528866084,-0.001668044386526478,1.0,,,,,,,,
698,,,,0.021934848295635745,0.1061485573468041,1.0,,,,,,,,
699,,,,0.1473032911410489,-0.000887405091966588,1.0,,,,,,,,
700,,,,0.043499922281379486,0.030067069215773845,1.0,,,,,,,,
701,,,,0.06165212424334217,0.0558529240327951,1.0,,,,,,,,
702,,,,0.08160537067151298,0.04934587727882844,1.0,,,,,,,,
703,,,,0.08707680409421743,0.012571476028280987,1.0,,,,,,,,
704,,,,-0.007124707649266648,0.1314353981261408,1.0,,,,,,,,
705,,,,0.061520563033031814,-0.044196544416682616,1.0,,,,,,,,
706,,,,-0.025606788067632637,0.08627965953194731,1.0,,,,,,,,
707,,,,0.11174206960830539,0.11469612589596469,1.0,,,,,,,,
708,,,,0.036619065041067295,0.06608602717149419,1.0,,,,,,,,
709,,,,0.11151288551221465,0.14151669291554553,1.0,,,,,,,,
710,,,,0.12595015931151365,0.02770216129993311,1.0,,,,,,,,
711,,,,0.1422967756198596,-0.022590382640585417,1.0,,,,,,,,
712,,,,0.1317476927272037,0.05426231176775485,1.0,,,,,,,,
713,,,,0.09297754714329222,0.10693414841858102,1.0,,,,,,,,
714,,,,0.016936051212624495,0.12553706630237182,1.0,,,,,,,,
715,,,,0.0016022042706992784,-0.03328507537180658,1.0,,,,,,,,
716,,,,0.10187415131811185,0.12901646913043247,1.0,,,,,,,,
717,,,,0.13528956250750807,0.024814306689933938,1.0,,,,,,,,
718,,,,0.01829219274045471,0.0011373538364397376,1.0,,,,,,,,
719,,,,0.04415849572827793,0.14343481426968702,1.0,,,,,,,,
720,,,,0.049773190665764716,-0.002185181547989433,1.0,,,,,,,,
721,,,,-0.008417039129313755,0.13534181594832512,1.0,,,,,,,,
722,,,,0.0875866688561807,0.0909563444905032,1.0,,,,,,,,
723,,,,0.06777935339755432,0.07374525137608128,1.0,,,,,,,,
724,,,,-0.040800459857201155,0.021232282233833222,1.0,,,,,,,,
725,,,,-0.03404818663500764,0.015154263675681734,1.0,,,,,,,,
726,,,,0.09211373548127612,-0.03550446924585278,1.0,,,,,,,,
727,,,,0.1298016539677851,0.020862042005535833,1.0,,,,,,,,
728,,,,-0.03204516605468846,-0.029904627267037267,1.0,,,,,,,,
729,,,,-0.0206053245657301,0.09096102264968199,1.0,,,,,,,,
730,,,,0.13862804847510374,0.10210813303708975,1.0,,,,,,,,
731,,,,0.02844155163431615,0.10356281399968888,1.0,,,,,,,,
732,,,,0.11718602748805827,-0.03770446870077873,1.0,,,,,,,,
733,,,,0.012109423774391684,0.09845577034776128,1.0,,,,,,,,
734,,,,0.00208537997250062,0.13210580709938213,1.0,,,,,,,,
735,,,,-0.0015500629744846992,0.10744920012147034,1.0,,,,,,,,
736,,,,0.029788623313954002,0.127591957106667,1.0,,,,,,,,
737,,,,0.007625734242961514,0.06527876744816273,1.0,,,,,,,,
738,,,,-0.0469252387462773,0.11103750644775724,1.0,,,,,,,,
739,,,,-0.04328716918754445,0.07818206123368997,1.0,,,,,,,,
740,,,,0.0627295622998223,0.1356824154747056,1.0,,,,,,,,
741,,,,0.13382272291001246,-0.00022403845734484534,1.0,,,,,,,,
742,,,,0.003103072919443825,0.08148531612285116,1.0,,,,,,,,
743,,,,0.006453742540205476,-0.014835467174103244,1.0,,,,,,,,
744,,,,-0.01547399088453412,-0.04442559987682642,1.0,,,,,,,,
745,,,,0.043417386240262215,0.047712558670931146,1.0,,,,,,,,
746,,,,0.03474241667368938,0.14767323800686666,1.0,,,,,,,,
747,,,,0.0787071168041371,0.062450755176413186,1.0,,,,,,,,
748,,,,-0.03270867243915361,0.040470628881310255,1.0,,,,,,,,
749,,,,-0.036055263588582756,0.047431225501058494,1.0,,,,,,,,
750,,,,-0.046881934712291164,-0.021694673772650733,1.0,,,,,,,,
751,,,,0.07378586185277887,0.0852303543862425,1.0,,,,,,,,
752,,,,0.07074496181093395,0.00019492103794051946,1.0,,,,,,,,
753,,,,-0.03676284546335162,0.08545498478282003,1.0,,,,,,,,
754,,,,0.10366792568500961,-0.026144997023941352,1.0,,,,,,,,
755,,,,0.09791229864090874,0.10463766263547102,1.0,,,,,,,,
756,,,,-0.028005492662203292,0.047293881690367676,1.0,,,,,,,,
757,,,,-0.048855001414707555,0.07518240976341987,1.0,,,,,,,,
758,,,,0.12179689093546985,0.12203458738324104,1.0,,,,,,,,
759,,,,0.13745548225363102,0.1067676561037068,1.0,,,,,,,,
760,,,,0.036407741408460245,0.10480364200083324,1.0,,,,,,,,
761,,,,0.14671105754954206,0.02345031643870102,1.0,,,,,,,,
762,,,,-0.042821002862126645,0.051548210689472726,1.0,,,,,,,,
763,,,,0.020499874443257626,-0.014787603766615011,1.0,,,,,,,,
764,,,,0.1368604160731231,-0.026076385807871683,1.0,,,,,,,,
765,,,,0.08085214632517777,-0.0162541055475814,1.0,,,,,,,,
766,,,,0.10928753365210277,0.0016211099119588512,1.0,,,,,,,,
767,,,,0.08960141651339561,0.07557874000651964,1.0,,,,,,,,
768,,,,0.09315953941270284,0.00016592949336897977,1.0,,,,,,,,
769,,,,0.05080487399913039,0.01842682664125303,1.0,,,,,,,,
770,,,,-0.013940105691989092,0.04510136926689792,1.0,,,,,,,,
771,,,,0.13242464658989422,0.06358839070566862,1.0,,,,,,,,
772,,,,0.07617797848943132,0.059849932127373204,1.0,,,,,,,,
773,,,,-0.040994006207654254,0.12373344505927529,1.0,,,,,,,,
774,,,,-0.0250413214280534,0.09728156118913488,1.0,,,,,,,,
775,,,,0.04035152871134644,0.09205491217213081,1.0,,,,,,,,
776,,,,0.12222569116980662,0.08931434548039759,1.0,,,,,,,,
777,,,,0.12078058922696218,0.04741399913962943,1.0,,,,,,,,
778,,,,-0.03164048013752285,0.025718050349914298,1.0,,,,,,,,
779,,,,-0.01171645396357892,0.10270319708819502,1.0,,,,,,,,
780,,,,0.08907418561352344,0.06590597318428991,1.0,,,,,,,,
781,,,,0.10376823083730284,0.023872820345710408,1.0,,,,,,,,
782,,,,0.023835376814102707,0.09004189243059786,1.0,,,,,,,,
783,,,,0.04046061500642632,0.11238314810388152,1.0,,,,,,,,
784,,,,-0.019077759142294703,0.06797128779189161,1.0,,,,,,,,
785,,,,0.024713667108301585,-0.0005842811341896653,1.0,,,,,,,,
786,,,,0.0008659716437402487,0.09874943479493774,1.0,,,,,,,,
787,,,,0.015772913144263698,-0.004416843980568921,1.0,,,,,,,,
788,,,,0.1310713251505375,0.03325886722340769,1.0,,,,,,,,
789,,,,0.05687927462347707,0.02441210897287338,1.0,,,,,,,,
790,,,,-0.0032286635480625256,-0.029531294562812806,1.0,,,,,,,,
791,,,,-0.03896357800617252,0.12457438287469912,1.0,,,,,,,,
792,,,,-0.015406018224281962,0.05779033375538352,1.0,,,,,,,,
793,,,,0.14574483278602918,-0.016534046524567025,1.0,,,,,,,,
794,,,,0.06915271032389735,0.10027314337413724,1.0,,,,,,,,
795,,,,-0.03402258947833268,0.04054544485448523,1.0,,,,,,,,
796,,,,0.10836547969762116,0.09435576799044447,1.0,,,,,,,,
797,,,,0.08571292258617026,0.10333785893600449,1.0,,,,,,,,
798,,,,0.0664205045908283,0.024979388710184944,1.0,,,,,,,,
799,,,,0.03941869425970175,0.006085268174789847,1.0,,,,,,,,
800,,,,0.017851140667043047,0.12603309583803274,1.0,,,,,,,,
801,,,,0.0572699676187383,-0.03525118075725007,1.0,,,,,,,,
802,,,,0.08445361156349714,0.09595131019478954,1.0,,,,,,,,
803,,,,0.029121909602807472,0.019506801701158108,1.0,,,,,,,,
804,,,,-0.028493493792002347,0.05932590210790656,1.0,,,,,,,,
805,,,,0.002564483098574155,0.13360333499095062,1.0,,,,,,,,
806,,,,0.1201290618910472,0.08072157264053541,1.0,,,,,,,,
807,,,,0.12516753769481942,0.1437820941995679,1.0,,,,,,,,
808,,,,0.0681573789657152,0.14602634338120807,1.0,,,,,,,,
809,,,,0.059852453336329256,0.008719115276466224,1.0,,,,,,,,
810,,,,0.04824734836688012,0.03101726216926197,1.0,,,,,,,,
811,,,,0.06995515893913842,0.04613949796064931,1.0,,,,,,,,
812,,,,0.007340556710387983,0.07503762938038315,1.0,,,,,,,,
813,,,,0.11108014623573616,-0.03425045644109215,1.0,,,,,,,,
814,,,,0.034724676426820825,0.07900040694057746,1.0,,,,,,,,
815,,,,-0.04854323181188498,0.12513781774972688,1.0,,,,,,,,
816,,,,0.08880420642040383,0.09995375487883108,1.0,,,,,,,,
817,,,,0.05465907577425806,0.14509335660985218,1.0,,,,,,,,
818,,,,-0.01938279463111339,0.1411632780329934,1.0,,,,,,,,
819,,,,0.14911968470194115,-0.034289314412300965,1.0,,,,,,,,
820,,,,0.017376884171254908,0.1485487237366881,1.0,,,,,,,,
821,,,,0.0353521459160991,0.11466968961183806,1.0,,,,,,,,
822,,,,0.007623125658277344,0.05241886303482561,1.0,,,,,,,,
823,,,,0.04322085191107965,0.01658859967840995,1.0,,,,,,,,
824,,,,0.05541635607574749,-0.03389770343337104,1.0,,,,,,,,
825,,,,-0.0057609636090085944,0.017191820898363575,1.0,,,,,,,,
826,,,,0.14377483327547091,0.03815087721545059,1.0,,,,,,,,
827,,,,0.14226261439899002,0.06472361678148086,1.0,,,,,,,,
828,,,,-0.04067687963633602,0.08174279474730618,1.0,,,,,,,,
829,,,,-0.047045236212978514,0.09849426974592111,1.0,,,,,,,,
830,,,,0.03414090605066289,0.05677693919173059,1.0,,,,,,,,
831,,,,0.10776630984397788,0.131119023127453,1.0,,,,,,,,
832,,,,0.14737566442216676,0.11041529230655882,1.0,,,,,,,,
833,,,,-0.04949147711398172,0.07001707692155468,1.0,,,,,,,,
834,,,,0.007769205417750766,0.09194314857189802,1.0,,,,,,,,
835,,,,0.01110875867057095,0.061173452445726945,1.0,,,,,,,,
836,,,,0.13361383966407853,-0.0004259454857479944,1.0,,,,,,,,
837,,,,-0.027631723867771376,0.0527081552333865,1.0,,,,,,,,
838,,,,0.1327431695566783,-0.0141523385875056,1.0,,,,,,,,
839,,,,0.0011756860703428865,-0.043200833879890245,1.0,,,,,,,,
840,,,,-0.046925650970369895,0.058443749110834636,1.0,,,,,,,,
841,,,,0.12107205768024733,0.03930456276699004,1.0,,,,,,,,
842,,,,-0.0028725702847240964,0.13730680996542477,1.0,,,,,,,,
843,,,,0.0738417758922465,0.12291523222422308,1.0,,,,,,,,
844,,,,-0.02437732281594092,0.038247676177088755,1.0,,,,,,,,
845,,,,0.1215107939423792,0.12963872293317913,1.0,,,,,,,,
846,,,,0.12545277824341566,0.07509439976962844,1.0,,,,,,,,
847,,,,0.10162236435294021,0.08509967356742469,1.0,,,,,,,,
848,,,,0.11903269600895978,0.07648947733479207,1.0,,,,,,,,
849,,,,-0.015622049644672197,0.08010399827886254,1.0,,,,,,,,
850,,,,0.04106800401764853,-0.03822987167865697,1.0,,,,,,,,
851,,,,0.05717256274776826,0.03785843014549664,1.0,,,,,,,,
852,,,,0.12494528288158642,0.08214466036999717,1.0,,,,,,,,
853,,,,0.002157623781607179,-0.0066469089227949585,1.0,,,,,,,,
854,,,,-0.03053536728474826,0.043828827727009204,1.0,,,,,,,,
855,,,,0.019959939215694167,0.0654698055945702,1.0,,,,,,,,
856,,,,-0.03861160147106089,-1.6554580076454106e-05,1.0,,,,,,,,
857,,,,0.05245891469548669,0.025191637555100233,1.0,,,,,,,,
858,,,,0.0753803918106603,0.024643986606344745,1.0,,,,,,,,
859,,,,0.04206262684745686,-0.00315689332197875,1.0,,,,,,,,
860,,,,0.009917834370903988,-0.026943130000916218,1.0,,,,,,,,
861,,,,0.10448787580018983,0.10877658783298648,1.0,,,,,,,,
862,,,,-0.04121282941763556,-0.017807744789446182,1.0,,,,,,,,
863,,,,0.11057154757536132,0.13209534943038154,1.0,,,,,,,,
864,,,,0.023838158866599762,0.08506209639801722,1.0,,,,,,,,
865,,,,-0.012001258908691567,0.1242464639747282,1.0,,,,,,,,
866,,,,0.11494126454361221,2.578277212214597e-06,1.0,,,,,,,,
867,,,,0.0685698911252246,0.09715259381928688,1.0,,,,,,,,
868,,,,0.1267687446232475,0.04354559439682011,1.0,,,,,,,,
869,,,,-0.02307584062147372,-0.028120975813748395,1.0,,,,,,,,
870,,,,0.055935467057882424,-0.0401422855401514,1.0,,,,,,,,
871,,,,0.07417918245692982,-0.04333435900901381,1.0,,,,,,,,
872,,,,-0.04576325932534595,-0.0349581434574322,1.0,,,,,,,,
873,,,,0.023605712024527853,0.026350465309677468,1.0,,,,,,,,
874,,,,0.10339402737849017,0.11918934647854022,1.0,,,,,,,,
875,,,,0.09544015820848552,0.1268866368419429,1.0,,,,,,,,
876,,,,0.06498049803219226,0.13797686502318846,1.0,,,,,,,,
877,,,,0.13135787219102274,0.03968736874255384,1.0,,,,,,,,
878,,,,0.04594522030303054,0.12133185564671971,1.0,,,,,,,,
879,,,,0.02968122242740588,0.13839995497929847,1.0,,,,,,,,
880,,,,0.00866239163150799,0.0018014861419161782,1.0,,,,,,,,
881,,,,-0.028214393190613765,-0.000591317225751474,1.0,,,,,,,,
882,,,,0.057550728282420235,0.14604747641755295,1.0,,,,,,,,
883,,,,-0.008454056347489525,0.059403997183168064,1.0,,,,,,,,
884,,,,0.12567810710563948,0.06793237745290757,1.0,,,,,,,,
885,,,,0.11705523619833778,-0.002142895662389524,1.0,,,,,,,,
886,,,,-0.03538405490377157,0.14059328075213967,1.0,,,,,,,,
887,,,,-0.027534605278274227,0.11047929915354092,1.0,,,,,,,,
888,,,,0.08020301163584255,0.1230228288390293,1.0,,,,,,,,
889,,,,0.07594991307518541,0.009635657913209014,1.0,,,,,,,,
890,,,,0.1362963877330718,0.08846040932568962,1.0,,,,,,,,
891,,,,0.12532735436740328,0.11309845838374662,1.0,,,,,,,,
892,,,,-0.022799535748351498,0.08988248578385132,1.0,,,,,,,,
893,,,,0.08620119862913868,0.10115919135687874,1.0,,,,,,,,
894,,,,0.10993012239916587,0.1382892143233671,1.0,,,,,,,,
895,,,,-0.03697054915850728,0.051723010427117674,1.0,,,,,,,,
896,,,,0.04993139580369761,0.09015284329230817,1.0,,,,,,,,
897,,,,0.1491206748078438,0.13159623625189237,1.0,,,,,,,,
898,,,,0.009377425596643209,0.017150901275915745,1.0,,,,,,,,
899,,,,0.1140341408948095,0.022322737007450882,1.0,,,,,,,,
900,,,,0.01507499522233817,0.03894076059332499,1.0,,,,,,,,
901,,,,0.0054241198353590855,0.09980105030218438,1.0,,,,,,,,
902,,,,0.0405351670010724,-0.017215295907723686,1.0,,,,,,,,
903,,,,0.1480921524661239,0.017599456665750496,1.0,,,,,,,,
904,,,,0.010351823931709261,-0.004934771718815581,1.0,,,,,,,,
905,,,,0.03514876500457738,0.08902410441071722,1.0,,,,,,,,
906,,,,0.07048130995036113,-0.01370781517644986,1.0,,,,,,,,
907,,,,0.002912349456290861,0.0696500217121425,1.0,,,,,,,,
908,,,,0.12160934454609064,0.03258322380423355,1.0,,,,,,,,
909,,,,-0.006830365393968772,0.014677688006571724,1.0,,,,,,,,
910,,,,0.08833808668923819,0.09018975652476115,1.0,,,,,,,,
911,,,,-0.005329884499746272,0.029299127914738696,1.0,,,,,,,,
912,,,,0.08986598154742202,0.09411498821548699,1.0,,,,,,,,
913,,,,-0.023896850653209234,0.07187480631018316,1.0,,,,,,,,
914,,,,0.12721333341687674,0.0664722712785732,1.0,,,,,,,,
915,,,,0.011441789549705872,0.09902808462675837,1.0,,,,,,,,
916,,,,0.14553936636925552,0.1309247388172789,1.0,,,,,,,,
917,,,,0.12432063496186387,-0.04994155029388017,1.0,,,,,,,,
918,,,,0.06652325114878317,0.002543998399705115,1.0,,,,,,,,
919,,,,0.11260115795518959,0.054695726321684957,1.0,,,,,,,,
920,,,,0.12878005500813738,0.05474899065196344,1.0,,,,,,,,
921,,,,0.12822702875444097,0.039944284593067564,1.0,,,,,,,,
922,,,,0.062299968752048226,0.1124969088980413,1.0,,,,,,,,
923,,,,0.030634351720431538,0.06373363968557831,1.0,,,,,,,,
924,,,,0.1296922555863274,0.046924526768866076,1.0,,,,,,,,
925,,,,0.06811782707691916,0.1372758766448307,1.0,,,,,,,,
926,,,,0.1266503194201376,0.1015438543438749,1.0,,,,,,,,
927,,,,0.09224619898592869,0.11383901898606398,1.0,,,,,,,,
928,,,,-0.02878363903938761,0.02620666387598529,1.0,,,,,,,,
929,,,,0.059158097935474024,0.12170187929609423,1.0,,,,,,,,
930,,,,-0.020719528611003214,0.09280790569918414,1.0,,,,,,,,
931,,,,0.06819342821689656,0.07174399427240193,1.0,,,,,,,,
932,,,,0.024523767418881598,0.13316444493433005,1.0,,,,,,,,
933,,,,0.09278102335089668,0.08365988269840428,1.0,,,,,,,,
934,,,,-0.005706928616649232,0.11257503602409642,1.0,,,,,,,,
935,,,,0.04917086212962876,0.05167418304759348,1.0,,,,,,,,
936,,,,-0.033053323935219536,0.03745363052777721,1.0,,,,,,,,
937,,,,0.12264024913492715,0.0860472791951893,1.0,,,,,,,,
938,,,,-0.012115049242328313,0.06681466031092971,1.0,,,,,,,,
939,,,,0.13880130010608932,0.051492051656706075,1.0,,,,,,,,
940,,,,0.1434804867936859,0.023253405560319892,1.0,,,,,,,,
941,,,,0.008149780344045496,0.11797011188201102,1.0,,,,,,,,
942,,,,0.12394502668463243,-0.00966675097084957,1.0,,,,,,,,
943,,,,0.09389039749437199,0.06842131259616231,1.0,,,,,,,,
944,,,,0.12890231755683268,-0.020110840169431723,1.0,,,,,,,,
945,,,,0.1026054365096974,0.08799105368624442,1.0,,,,,,,,
946,,,,0.10900315688478389,0.04065749866160932,1.0,,,,,,,,
947,,,,-0.004313816373715931,0.007210999201190796,1.0,,,,,,,,
948,,,,0.010860583740269061,0.11805342755672425,1.0,,,,,,,,
949,,,,0.05743152289621416,0.0627167920582035,1.0,,,,,,,,
950,,,,0.0068335803226096115,0.11683166267823537,1.0,,,,,,,,
951,,,,0.09098615134565412,0.12562791225981507,1.0,,,,,,,,
952,,,,-0.023694664871523496,0.11991956726081458,1.0,,,,,,,,
953,,,,-0.039577528316075083,0.1254257769995425,1.0,,,,,,,,
954,,,,-0.0020516995585536865,0.12713287104899995,1.0,,,,,,,,
955,,,,0.025861986787273916,0.11858346944901967,1.0,,,,,,,,
956,,,,0.05792260460349928,0.06283509036814894,1.0,,,,,,,,
957,,,,0.14680425941629843,0.1427495056609625,1.0,,,,,,,,
958,,,,-0.027135135468138328,0.02282958488254397,1.0,,,,,,,,
959,,,,0.00010925169166424442,0.039659118143401687,1.0,,,,,,,,
960,,,,-0.02472941556672366,0.05231364782102439,1.0,,,,,,,,
961,,,,0.12311643797482995,0.020470696252382486,1.0,,,,,,,,
962,,,,-0.018871913695525988,0.011452230418355747,1.0,,,,,,,,
963,,,,0.09857491079918464,-0.03174472752943147,1.0,,,,,,,,
964,,,,0.09711634214464805,0.07278439237916566,1.0,,,,,,,,
965,,,,0.09805174968788267,-0.04819005484652326,1.0,,,,,,,,
966,,,,0.09409452859108434,0.014116850268309625,1.0,,,,,,,,
967,,,,0.0765943992827351,-0.039232663815279505,1.0,,,,,,,,
968,,,,0.061286847329104374,0.1383196266033498,1.0,,,,,,,,
969,,,,0.014017141856533091,0.05454733446298943,1.0,,,,,,,,
970,,,,0.03154227204360929,0.06393064898307248,1.0,,,,,,,,
971,,,,-0.03633627184801252,0.022376058461901868,1.0,,,,,,,,
972,,,,0.054131792893729005,-0.0330351069004621,1.0,,,,,,,,
973,,,,0.04352936590432224,0.10444593568204082,1.0,,,,,,,,
974,,,,0.03860068203945531,0.0281852584271457,1.0,,,,,,,,
975,,,,0.004575292641706218,-0.03962966521548279,1.0,,,,,,,,
976,,,,0.10236433352983516,0.04715578145318877,1.0,,,,,,,,
977,,,,-0.017730659760958334,-0.036784287893249015,1.0,,,,,,,,
978,,,,0.10158009228534014,0.06768245041250538,1.0,,,,,,,,
979,,,,0.061752956292016256,-0.008735023056936943,1.0,,,,,,,,
980,,,,0.06886811820524255,0.1368425147439884,1.0,,,,,,,,
981,,,,0.09509581072461555,0.06731969462204127,1.0,,,,,,,,
982,,,,0.1230590337984379,0.1493137892342385,1.0,,,,,,,,
983,,,,0.12302161794824969,-0.014163492637076745,1.0,,,,,,,,
984,,,,0.088932818501,0.009246245654329369,1.0,,,,,,,,
985,,,,-0.03809326102474482,-0.028391268735990516,1.0,,,,,,,,
986,,,,0.10255875552864442,0.10309939209388243,1.0,,,,,,,,
987,,,,0.011634554336403945,0.09707557655622485,1.0,,,,,,,,
988,,,,0.11243968060221556,-0.0026611349531274336,1.0,,,,,,,,
989,,,,-0.03743525394977254,0.07440881379062257,1.0,,,,,,,,
990,,,,0.13878755268355897,0.01953219275789546,1.0,,,,,,,,
991,,,,0.03672525295465234,0.005445360773131715,1.0,,,,,,,,
992,,,,0.08841473119958616,-0.013281009101431422,1.0,,,,,,,,
993,,,,0.09642251078958673,0.1000590738930608,1.0,,,,,,,,
994,,,,0.04101432188771591,0.10080563519597725,1.0,,,,,,,,
995,,,,-0.01899784036112715,0.08210377875492171,1.0,,,,,,,,
996,,,,0.008782259726145367,0.0389527816725567,1.0,,,,,,,,
997,,,,0.11637948973633973,0.1301023546381232,1.0,,,,,,,,
998,,,,0.01365555143649319,-0.014183596631901788,1.0,,,,,,,,
999,,,,0.04174826944618175,0.08579618670767765,1.0,,,,,,,,
1000,,,,0.032884232597296406,-0.038696128981721326,1.0,,,,,,,,
1001,,,,0.12080540221358495,0.12712438170376705,1.0,,,,,,,,
1002,,,,0.12764755202798062,0.04543932931679669,1.0,,,,,,,,
1003,,,,0.10599340272551018,0.029843864266355616,1.0,,,,,,,,
